{
  "controller/CTCBonafide.controller.js": 1687503920580,
  "manifest.json": 1687773712519,
  "utils/locate-reuse-libs.js": 1687503920580,
  "model/models.js": 1687503920580,
  "i18n/i18n.properties": 1687503920580,
  "controller/App.controller.js": 1687503920580,
  "Component.js": 1687503920580,
  "Component-preload.js": 1687773712954,
  "Component-dbg.js": 1687503920580,
  "model/models-dbg.js": 1687503920580,
  "controller/CTCBonafide-dbg.controller.js": 1687503920580,
  "controller/App-dbg.controller.js": 1687503920580,
  "utils/locate-reuse-libs-dbg.js": 1687503920580,
  "view/fragments/CTC.fragment.xml": 1687503920580,
  "view/fragments/Bonafide.fragment.xml": 1687503920580,
  "view/CTCBonafide.view.xml": 1687503920580,
  "view/App.view.xml": 1687503920580,
  "css/style.css": 1687503920580,
  "index.html": 1687503920580
}