{
  "model/globalFilter.js": 1687503920588,
  "manifest.json": 1687773727520,
  "model/models.js": 1687503920588,
  "model/maps.js": 1687763452913,
  "i18n/i18n.properties": 1687516674618,
  "model/formatter.js": 1687540681920,
  "controller/ELCMonitor.controller.js": 1687765649175,
  "controller/App.controller.js": 1687503920588,
  "Component.js": 1687503920588,
  "Component-preload.js": 1687773728013,
  "model/models-dbg.js": 1687503920588,
  "model/maps-dbg.js": 1687763452913,
  "model/globalFilter-dbg.js": 1687503920588,
  "model/formatter-dbg.js": 1687540681920,
  "controller/ELCMonitor-dbg.controller.js": 1687765649175,
  "controller/App-dbg.controller.js": 1687503920588,
  "Component-dbg.js": 1687503920588,
  "view/ELCMonitor.view.xml": 1687767450058,
  "view/App.view.xml": 1687503920588,
  "css/style.css": 1687503920588,
  "index.html": 1687503920588
}