{
  "manifest.json": 1687773734179,
  "controller/DBMaintenance.controller.js": 1687503920584,
  "model/models.js": 1687503920584,
  "i18n/i18n.properties": 1687503920584,
  "controller/App.controller.js": 1687503920584,
  "Component.js": 1687503920584,
  "Component-preload.js": 1687773734674,
  "controller/App-dbg.controller.js": 1687503920584,
  "controller/DBMaintenance-dbg.controller.js": 1687503920584,
  "model/models-dbg.js": 1687503920584,
  "Component-dbg.js": 1687503920584,
  "view/DBMaintenance.view.xml": 1687503920584,
  "view/App.view.xml": 1687503920584,
  "css/style.css": 1687503920584,
  "excelTemplate/Sign_Authority_Template.csv": 1687503920584,
  "excelTemplate/Company_Address_Template.csv": 1687503920584,
  "index.html": 1687503920584
}