{
  "model/models.js": 1687503920584,
  "i18n/i18n.properties": 1687503920584,
  "utils/locate-reuse-libs.js": 1687503920584,
  "manifest.json": 1687773720309,
  "controller/WorkflowStart.controller.js": 1687503920584,
  "controller/App.controller.js": 1687503920584,
  "Component.js": 1687503920584,
  "Component-preload.js": 1687773720821,
  "controller/WorkflowStart-dbg.controller.js": 1687503920584,
  "model/models-dbg.js": 1687503920584,
  "utils/locate-reuse-libs-dbg.js": 1687503920584,
  "controller/App-dbg.controller.js": 1687503920584,
  "Component-dbg.js": 1687503920584,
  "view/WorkflowStart.view.xml": 1687503920584,
  "view/App.view.xml": 1687503920584,
  "css/style.css": 1687503920584,
  "index.html": 1687503920584
}